name,frequency
bourgeois,97
bourgeoisie,91
class,91
society,70
proletariat,63
property,55
conditions,50
production,49
modern,41
social,36
one,32
existence,30
socialism,30
industry,29
means,29
labour,28
political,28
communists,26
development,26
form,25
old,25
therefore,25
capital,24
feudal,24
relations,24
every,23
state,23
working,22
classes,21
german,21
whole,21
abolition,20
french,20
new,20
movement,19
revolutionary,19
ideas,17
proletarians,17
struggle,17
character,16
existing,16
interests,16
revolution,16
historical,15
longer,15
time,15
common,14
country,14
first,14
national,14
ruling,14
also,13
antagonisms,13
away,13
communism,13
industrial,13
literature,13
place,13
action,12
communist,12
countries,12
exploitation,12
family,12
germany,12
individual,12
middle,12
order,12
power,12
proportion,12
thus,12
competition,11
forces,11
general,11
great,11
must,11
present,11
reactionary,11
within,11
commerce,10
course,10
developed,10
even,10
france,10
free,10
freedom,10
hands,10
history,10
instruments,10
life,10
man,10
petty,10
private,10
products,10
whose,10
work,10
ages,9
become,9
cannot,9
condition,9
different,9
exchange,9
machinery,9
many,9
material,9
nation,9
nations,9
part,9
parties,9
past,9
productive,9
section,9
socialist,9
system,9
various,9
wagelabour,9
way,9
without,9
word,9
already,8
becomes,8
crises,8
education,8
england,8
ever,8
everywhere,8
fight,8
generally,8
hand,8
made,8
mere,8
mode,8
population,8
proletarian,8
women,8
workers,8
world,8
ancient,7
another,7
appropriation,7
created,7
end,7
far,7
ie,7
increase,7
labourers,7
much,7
nothing,7
opposition,7
party,7
personal,7
philosophical,7
practical,7
relation,7
see,7
supremacy,7
take,7
things,7
true,7
agriculture,6
antagonism,6
aristocracy,6
based,6
bring,6
buying,6
contest,6
criticism,6
disappearance,6
earlier,6
elements,6
face,6
fact,6
forms,6
future,6
however,6
independent,6
industries,6
last,6
law,6
long,6
may,6
members,6
ones,6
others,6
point,6
position,6
public,6
put,6
selling,6
set,6
small,6
still,6
sway,6
systems,6
thereby,6
two,6
union,6
universal,6
upon,6
use,6
words,6
yet,6
absolute,5
america,5
among,5
became,5
called,5
carried,5
case,5
century,5
change,5
civilisation,5
communistic,5
community,5
compelled,5
constantly,5
destroyed,5
division,5
economic,5
emancipation,5
etc,5
expression,5
eyes,5
fantastic,5
find,5
foundation,5
half,5
increases,5
individuality,5
introduce,5
labourer,5
large,5
less,5
like,5
lose,5
merely,5
monarchy,5
necessarily,5
openly,5
peasant,5
period,5
possible,5
radical,5
real,5
religious,5
rule,5
science,5
since,5
struggles,5
trade,5
well,5
workingclass,5
advanced,4
aims,4
almost,4
alone,4
association,4
asunder,4
attain,4
back,4
battle,4
benefit,4
best,4
bound,4
certain,4
children,4
communication,4
completely,4
concentrated,4
conservative,4
contrary,4
converted,4
creates,4
culture,4
daily,4
demands,4
develops,4
direct,4
directly,4
dissolution,4
either,4
ends,4
epoch,4
eternal,4
except,4
factory,4
following,4
force,4
given,4
governments,4
hence,4
ii,4
immediate,4
immense,4
intellectual,4
interest,4
kind,4
land,4
laws,4
let,4
little,4
majority,4
mans,4
manufacture,4
manufacturing,4
markets,4
mass,4
measures,4
men,4
moment,4
movements,4
nay,4
owing,4
partly,4
people,4
previous,4
progress,4
question,4
rising,4
single,4
socialists,4
spectre,4
status,4
subsistence,4
swept,4
times,4
took,4
undeveloped,4
vanish,4
views,4
wage,4
wages,4
war,4
weapons,4
worldmarket,4
wrote,4
abolish,3
accompanied,3
according,3
acquire,3
advance,3
advantage,3
age,3
air,3
along,3
always,3
appeal,3
appropriating,3
bare,3
beneath,3
breaks,3
centralisation,3
changes,3
christian,3
civilised,3
collisions,3
combination,3
compels,3
complement,3
complete,3
consequently,3
constant,3
contact,3
corresponding,3
cost,3
death,3
dependent,3
desire,3
destroy,3
disappear,3
distinction,3
distinctive,3
domain,3
done,3
due,3
effects,3
enemies,3
english,3
entire,3
epidemic,3
epochs,3
especially,3
essential,3
established,3
example,3
exploited,3
express,3
fall,3
feature,3
finally,3
finds,3
formation,3
fresh,3
front,3
gain,3
gave,3
going,3
got,3
government,3
ground,3
growing,3
guilds,3
hateful,3
hitherto,3
holy,3
home,3
human,3
impossible,3
improvement,3
increased,3
instead,3
intending,3
intervention,3
keeps,3
leading,3
least,3
live,3
local,3
lost,3
machine,3
manifesto,3
manufacturer,3
march,3
market,3
masses,3
mean,3
miserable,3
modes,3
money,3
morality,3
navigation,3
necessary,3
need,3
never,3
nobility,3
oppressed,3
organisation,3
organised,3
overcome,3
overthrow,3
patriarchal,3
person,3
pettybourgeois,3
philistine,3
philosophers,3
phrases,3
powers,3
produced,3
producing,3
product,3
publications,3
purely,3
railways,3
rapidly,3
reality,3
reform,3
religion,3
representative,3
reproach,3
reproached,3
requires,3
rest,3
result,3
revolutionising,3
right,3
rise,3
say,3
seen,3
sense,3
separate,3
served,3
side,3
sink,3
solely,3
springing,3
stage,3
standpoint,3
strength,3
supply,3
support,3
together,3
torn,3
total,3
towns,3
traditional,3
transformed,3
truths,3
united,3
vanishes,3
victory,3
view,3
want,3
wants,3
wealth,3
wives,3
workman,3
able,2
abolished,2
abolishes,2
abolishing,2
absence,2
absolutism,2
accumulated,2
accusation,2
acquired,2
activity,2
acts,2
adapted,2
administrative,2
admit,2
agitation,2
agrarian,2
aim,2
altogether,2
antagonistic,2
antiquated,2
anything,2
apart,2
application,2
appropriates,2
aristocracies,2
armies,2
arose,2
artisan,2
asceticism,2
assumed,2
attacks,2
attainment,2
attempts,2
barbarian,2
basis,2
battles,2
begin,2
belong,2
bitter,2
bringing,2
brutal,2
burgesses,2
burghers,2
burst,2
capitalist,2
carrying,2
cash,2
category,2
cease,2
centralise,2
changed,2
charity,2
chartered,2
chartists,2
chiefly,2
chinese,2
christianity,2
circumstances,2
classthe,2
clearly,2
colonies,2
come,2
command,2
commercial,2
commodities,2
commodity,2
commune,2
compatible,2
comprehend,2
conceal,2
concentration,2
conception,2
conjured,2
conquest,2
conscience,2
conscious,2
consciousness,2
consequence,2
consisted,2
constitute,2
constitution,2
continually,2
continued,2
corporate,2
could,2
create,2
critical,2
criticalutopian,2
cropping,2
cultivation,2
cut,2
cuts,2
deeper,2
degrees,2
democratic,2
despite,2
destruction,2
destructive,2
determined,2
differences,2
direction,2
disappears,2
discovery,2
disposal,2
distinctions,2
distribution,2
dominates,2
drawn,2
earliest,2
echo,2
economical,2
economists,2
effected,2
eighteenth,2
element,2
endeavour,2
ended,2
engels,2
enlightenment,2
enormous,2
entirely,2
equal,2
establishment,2
european,2
exclusive,2
exist,2
existed,2
exists,2
exploits,2
extension,2
extensive,2
extinction,2
factories,2
feet,2
fettered,2
fetters,2
fighting,2
fluctuating,2
foreign,2
forget,2
formed,2
fortify,2
found,2
friedrich,2
fruit,2
functions,2
globe,2
goes,2
gone,2
gospel,2
gradual,2
gradually,2
guildmasters,2
hallowed,2
handed,2
harmony,2
heavy,2
help,2
hidden,2
high,2
historically,2
hostile,2
hurled,2
iii,2
illusions,2
immediately,2
immigrated,2
impending,2
indeed,2
independence,2
inevitable,2
inroads,2
intend,2
introduction,2
invented,2
iv,2
known,2
landlord,2
level,2
liberty,2
literary,2
literati,2
lives,2
living,2
lower,2
lowest,2
maintenance,2
make,2
makes,2
marriage,2
master,2
masters,2
matter,2
meaning,2
meant,2
mediaeval,2
minorities,2
misconception,2
model,2
momentary,2
monopolised,2
moral,2
moreover,2
motion,2
naked,2
nationalities,2
nationality,2
natural,2
naturally,2
nature,2
ninetenths,2
nonexistence,2
numerous,2
objections,2
onesidedness,2
open,2
oppose,2
opposed,2
oppressing,2
original,2
overproduction,2
pace,2
particular,2
pass,2
peasants,2
philosophy,2
plan,2
plans,2
portion,2
portions,2
preceded,2
preceding,2
prejudices,2
preserve,2
price,2
priest,2
principles,2
process,2
produces,2
progressive,2
properly,2
proposals,2
prostitution,2
pushed,2
radicals,2
raise,2
raised,2
rapid,2
raw,2
reactionists,2
reason,2
recognised,2
recognition,2
reformers,2
reforms,2
regime,2
represent,2
required,2
requirements,2
requiring,2
restricted,2
resulting,2
robe,2
ruin,2
rupture,2
rural,2
scattered,2
school,2
schools,2
secure,2
seek,2
sees,2
serf,2
serfs,2
serious,2
seriously,2
settle,2
sex,2
shape,2
shopkeeper,2
showing,2
sight,2
significance,2
silly,2
simple,2
skill,2
slave,2
slaves,2
socialistic,2
societies,2
sought,2
speak,2
spectacle,2
stages,2
stand,2
standard,2
step,2
stood,2
strata,2
stripped,2
subjection,2
succumbed,2
suffering,2
sufficed,2
summed,2
supreme,2
swamped,2
systematic,2
taken,2
theoretical,2
theoretically,2
thereto,2
thereupon,2
though,2
ties,2
town,2
truth,2
undoubtedly,2
unfit,2
uninterrupted,2
unite,2
upper,2
urban,2
urged,2
utopian,2
value,2
vanished,2
vanishing,2
veiled,2
violent,2
water,2
went,2
wife,2
win,2
wish,2
wonder,2
workshop,2
would,2
wouldbe,2
writings,2
years,2
ablaze,1
absolutely,1
absurditythe,1
accomplished,1
accordance,1
account,1
achieve,1
acknowledged,1
acquiring,1
act,1
active,1
actual,1
acuteness,1
adequate,1
admire,1
adopt,1
adrift,1
advantages,1
adversaries,1
affairs,1
affect,1
afterwards,1
agglomerated,1
ago,1
agreement,1
aimed,1
alienation,1
alleged,1
alliance,1
allowed,1
ally,1
almsbag,1
alter,1
although,1
ambush,1
amongst,1
amounts,1
anarchy,1
anathemas,1
animals,1
annexation,1
annexing,1
anywhere,1
apologies,1
apparently,1
appear,1
appeared,1
appears,1
appendage,1
apples,1
applicable,1
apply,1
apprentices,1
approaching,1
appropriate,1
appropriated,1
aqueducts,1
arena,1
arises,1
aristocrat,1
armed,1
arms,1
army,1
arouse,1
arrangement,1
article,1
articles,1
artillery,1
ask,1
aspect,1
aspires,1
assembled,1
associations,1
assumes,1
assure,1
assured,1
atmosphere,1
attack,1
attained,1
attains,1
attention,1
augmentation,1
average,1
awe,1
babeuf,1
background,1
bailiffs,1
bank,1
banner,1
barbarians,1
barbarism,1
barter,1
batters,1
bears,1
beaux,1
beetrootsugar,1
beforehand,1
begetting,1
beginning,1
begins,1
begun,1
behind,1
belief,1
belongs,1
besides,1
bill,1
birds,1
birth,1
bit,1
blind,1
blues,1
bodies,1
bombastic,1
bonds,1
bone,1
bounds,1
bourgeoisfor,1
branch,1
branding,1
brave,1
bribed,1
broken,1
brutally,1
built,1
bullets,1
burden,1
calculation,1
calling,1
callous,1
calls,1
came,1
camps,1
canalisation,1
capable,1
cape,1
capitalists,1
capitulate,1
care,1
caring,1
carry,1
cast,1
castles,1
catastrophe,1
cathedrals,1
catholic,1
cause,1
causes,1
ceased,1
celibacy,1
centuries,1
chagrin,1
chains,1
chance,1
charge,1
charges,1
charm,1
chases,1
cheap,1
chemistry,1
chief,1
child,1
childrens,1
chivalrous,1
chorus,1
church,1
circulate,1
cite,1
cities,1
civil,1
claptrap,1
classcharacter,1
classical,1
classinterest,1
classorganisation,1
clear,1
clearest,1
clearing,1
clerical,1
climes,1
closed,1
club,1
coats,1
cobwebs,1
code,1
coercive,1
collective,1
colonisation,1
colossal,1
combinations,1
comfortable,1
coming,1
commercially,1
committee,1
compact,1
compared,1
compete,1
complicated,1
comprehending,1
comprise,1
concealed,1
conceives,1
conceptions,1
concerning,1
conclusion,1
conclusions,1
conducted,1
confess,1
confiscation,1
confronting,1
connected,1
connexions,1
conquered,1
consecrates,1
consequent,1
conservation,1
consider,1
considerable,1
consistently,1
consists,1
constituting,1
consumed,1
consumption,1
contain,1
contempt,1
contending,1
content,1
contents,1
continents,1
continue,1
contradiction,1
contradictions,1
contrast,1
contrived,1
control,1
conversion,1
core,1
corelation,1
cornerstone,1
correspond,1
cosmopolitan,1
counterpoise,1
cracow,1
cramping,1
creations,1
credit,1
cries,1
crime,1
criticisms,1
crowded,1
crudest,1
cruelty,1
crusades,1
crying,1
cudgels,1
customstariff,1
czar,1
dangerous,1
dangers,1
danish,1
daughters,1
de,1
deaden,1
decade,1
decay,1
decisive,1
declaimed,1
declare,1
decomposing,1
decreases,1
decried,1
deep,1
defend,1
definite,1
degree,1
demand,1
democracy,1
depicted,1
depicting,1
depreciate,1
deprive,1
deprives,1
described,1
desert,1
deserted,1
deserting,1
deserving,1
desiring,1
desirous,1
despotic,1
despotism,1
destined,1
destroying,1
dethronement,1
devastation,1
develop,1
developeda,1
developing,1
dew,1
differing,1
diminishing,1
diminutive,1
disappeared,1
disastrous,1
disciples,1
disclosed,1
discovered,1
disdain,1
disgusting,1
disintegrating,1
dislodged,1
disorder,1
dispersed,1
display,1
displays,1
dissected,1
distant,1
distinguish,1
distinguished,1
distinguishing,1
disturbance,1
divisions,1
dogs,1
dont,1
doomed,1
dosed,1
drag,1
draws,1
dream,1
dropped,1
drowned,1
dubbed,1
duties,1
eagerly,1
early,1
earnest,1
ears,1
easier,1
easily,1
east,1
eastindian,1
economically,1
ecstasies,1
edited,1
edition,1
editions,1
educate,1
effect,1
egotistical,1
egyptian,1
electric,1
else,1
emasculated,1
embittering,1
embroidered,1
emigrants,1
endanger,1
enervating,1
enforcement,1
enough,1
enrich,1
enslaved,1
entered,1
enthusiasm,1
equable,1
equalised,1
equality,1
equally,1
esprits,1
establish,1
establishing,1
estate,1
europe,1
europethe,1
eve,1
everexpanding,1
everlasting,1
everything,1
evident,1
exact,1
exacted,1
examination,1
examine,1
exceptions,1
exchanged,1
excitement,1
exclusively,1
executive,1
exertion,1
exhibited,1
exoduses,1
exorcise,1
expanding,1
expeditions,1
expensive,1
experience,1
experimental,1
experiments,1
exploded,1
exposed,1
extended,1
extent,1
extermination,1
extolled,1
extreme,1
facilitated,1
facing,1
facts,1
fail,1
failed,1
failure,1
falutin,1
familyrelations,1
famine,1
fanatical,1
fanatics,1
fantasy,1
fashion,1
fast,1
faster,1
fastfrozen,1
favour,1
favoured,1
fed,1
feed,1
feelings,1
feels,1
felled,1
felt,1
fervour,1
feudalism,1
feudalists,1
figure,1
final,1
finish,1
firmer,1
fit,1
fitting,1
fixed,1
flare,1
flemish,1
flesh,1
floggings,1
flowers,1
fluctuations,1
fomented,1
forbidden,1
forcible,1
foreigners,1
forged,1
forgetting,1
forgot,1
former,1
formulate,1
forth,1
forward,1
fought,1
foul,1
founders,1
founding,1
fourier,1
fourierists,1
fractions,1
framework,1
freedomfree,1
freedoms,1
freeman,1
frontier,1
full,1
fully,1
furnishes,1
generated,1
generations,1
get,1
giant,1
gigantic,1
give,1
glaring,1
golden,1
goods,1
gothic,1
gradation,1
gradations,1
graduated,1
gravediggers,1
greater,1
greatest,1
greatly,1
grievances,1
groundwhat,1
groundwork,1
grows,1
guildmaster,1
guilty,1
guizot,1
habitually,1
halo,1
handicraftsmen,1
hardwon,1
hatred,1
haunting,1
head,1
hears,1
heartburnings,1
hearts,1
heathendom,1
heavenly,1
helped,1
hierarchy,1
higher,1
highways,1
hindquarters,1
hold,1
holds,1
holeandcorner,1
honour,1
honoured,1
horrified,1
hostility,1
hour,1
hourly,1
hours,1
humanitarians,1
humanity,1
hundred,1
hurling,1
hypocritical,1
hypocritically,1
icariaduodecimo,1
icy,1
identical,1
ideological,1
ideologists,1
idiocy,1
idleness,1
idyllic,1
image,1
imaginable,1
immemorial,1
immensely,1
impartial,1
implied,1
imported,1
impose,1
improve,1
improved,1
improvers,1
impulse,1
incapacity,1
incisive,1
incoherent,1
income,1
incompetent,1
incontrovertibly,1
inculcated,1
indefeasible,1
independently,1
indictment,1
indigenous,1
indignation,1
indirect,1
indistinct,1
individuals,1
indolence,1
induces,1
industrially,1
inequalities,1
infamous,1
infancy,1
influence,1
inforced,1
inheritance,1
initiative,1
innocence,1
insists,1
instance,1
instant,1
instil,1
instinctive,1
instrument,1
insufficient,1
insurances,1
insurrection,1
intended,1
intensely,1
intercourse,1
interdependence,1
intermediate,1
interpretation,1
intoxicating,1
intrigue,1
introduced,1
intuition,1
inventive,1
inventors,1
inverse,1
involuntary,1
involved,1
involves,1
irreverent,1
isolated,1
isolation,1
italian,1
italy,1
jerusalem,1
jerusalemand,1
join,1
joined,1
joins,1
journeyman,1
journeymen,1
july,1
juridical,1
jurisprudence,1
justice,1
justification,1
karl,1
keep,1
kept,1
kill,1
knack,1
knights,1
knowledge,1
la,1
laborer,1
laborers,1
laid,1
lamentation,1
laments,1
lampoon,1
lampoons,1
landowners,1
lands,1
language,1
languages,1
lap,1
later,1
laughter,1
lawyer,1
layers,1
lays,1
laziness,1
leaders,1
leaves,1
left,1
legalised,1
legislation,1
legislative,1
legitimists,1
length,1
lessen,1
letting,1
levelling,1
liability,1
liberal,1
liberalism,1
lies,1
likewise,1
line,1
listthe,1
literatures,1
livelihood,1
localities,1
locality,1
london,1
looked,1
loosely,1
lord,1
lords,1
loses,1
losing,1
loss,1
lot,1
loud,1
love,1
low,1
ludicrous,1
lumped,1
lurk,1
managed,1
managing,1
manifold,1
manual,1
manufactures,1
manuscripts,1
marx,1
massive,1
materials,1
matters,1
meanness,1
meantime,1
meanwhile,1
meet,1
melts,1
member,1
membership,1
menace,1
mention,1
methods,1
metternich,1
middleclass,1
midst,1
might,1
mightier,1
millionaires,1
minimum,1
minus,1
miraculous,1
misery,1
mission,1
misty,1
misère,1
modified,1
monarchies,1
monastic,1
monks,1
monopoly,1
monotonous,1
mortification,1
mother,1
motley,1
mould,1
mountebank,1
moves,1
multiplicity,1
mutual,1
namely,1
narrow,1
narrowmindedness,1
natures,1
nearly,1
nears,1
necessitate,1
needed,1
nestle,1
nether,1
nevertheless,1
newformed,1
nexus,1
nick,1
nonindustrial,1
nonsense,1
notions,1
number,1
numberless,1
nursery,1
object,1
objected,1
objection,1
obliged,1
obliterates,1
obstinate,1
obtained,1
occasional,1
occupation,1
offer,1
offered,1
offers,1
officers,1
official,1
officially,1
officials,1
offspring,1
often,1
oldestablished,1
opened,1
operatives,1
opinions,1
opponents,1
opportunity,1
opposing,1
oppress,1
oppression,1
oppressor,1
orders,1
ordinary,1
organise,1
organisers,1
originated,1
originators,1
ossify,1
ought,1
outgrowth,1
outstrip,1
overlooker,1
overlookers,1
overriding,1
overtake,1
overthrown,1
owen,1
owenites,1
owned,1
owner,1
paid,1
pain,1
painted,1
pamphlets,1
parent,1
parents,1
parson,1
parsons,1
passively,1
patrician,1
patricians,1
pauper,1
pauperism,1
pave,1
paved,1
paving,1
pawnbroker,1
payment,1
peaceful,1
peasantsall,1
pedantic,1
pedantry,1
pending,1
peoples,1
perfect,1
periodical,1
periodically,1
perished,1
permanent,1
personally,1
phalansteres,1
phases,1
philanthropists,1
philistines,1
philosophic,1
philosophie,1
phrase,1
physician,1
pick,1
pictures,1
piecemeal,1
pieces,1
pills,1
pined,1
pitilessly,1
placed,1
played,1
plead,1
pleasure,1
plebeian,1
plebeians,1
poet,1
pointed,1
pointing,1
poland,1
policespies,1
poor,1
pope,1
populations,1
positive,1
possesses,1
possibly,1
potato,1
poverty,1
powerful,1
practically,1
practice,1
preached,1
preaching,1
precarious,1
precipitated,1
precisely,1
precursors,1
preference,1
prelude,1
prepare,1
presentiment,1
press,1
pressure,1
presupposed,1
pretend,1
pretty,1
prevailing,1
prevented,1
prevention,1
previously,1
prices,1
prime,1
principle,1
prison,1
privates,1
proclaimed,1
proclaiming,1
proclaims,1
proclamation,1
productions,1
productionthis,1
profane,1
profaned,1
professors,1
prolong,1
prolongation,1
promote,1
promoter,1
propaganda,1
propagation,1
proper,1
propertyhistorical,1
prophecies,1
proposal,1
proposed,1
proprietors,1
prostitutes,1
protective,1
proudhons,1
prove,1
proved,1
provinces,1
provision,1
prussian,1
publish,1
published,1
pure,1
purposes,1
purses,1
pushes,1
pyramids,1
quantum,1
quarter,1
quite,1
race,1
raging,1
rally,1
range,1
rank,1
ranks,1
rate,1
rather,1
rationalist,1
reacted,1
realisation,1
realise,1
really,1
realm,1
rebels,1
receives,1
reconcile,1
reconstitution,1
reconstruction,1
recruited,1
redressing,1
reduce,1
reduced,1
reduces,1
refer,1
reformer,1
regard,1
reject,1
religions,1
relique,1
remain,1
remained,1
remaining,1
remnants,1
remotest,1
rendered,1
renewing,1
rent,1
rents,1
replace,1
replaced,1
replaces,1
represented,1
representing,1
reproduce,1
reproduction,1
republic,1
repulsiveness,1
require,1
requisite,1
rescue,1
rescued,1
reserving,1
resolute,1
resolved,1
resolves,1
resort,1
respect,1
respectively,1
respects,1
restoration,1
restore,1
restoring,1
rests,1
results,1
retired,1
return,1
revenge,1
reverent,1
reversed,1
revolt,1
revolts,1
revolutionise,1
revolutionised,1
revolutions,1
rhetoric,1
ridiculous,1
rightly,1
rights,1
riots,1
rises,1
risings,1
rivers,1
roll,1
roman,1
rome,1
root,1
rotting,1
rounding,1
ruined,1
ruins,1
réformistes,1
said,1
saints,1
saintsimon,1
sale,1
satisfaction,1
satisfied,1
save,1
saw,1
scale,1
scarce,1
scarecrow,1
schoolboy,1
screams,1
scum,1
search,1
seclusion,1
second,1
sectarian,1
sections,1
sects,1
securities,1
seducing,1
seem,1
seemed,1
seized,1
selfacquired,1
selfconscious,1
selfdeception,1
selfearned,1
selfevident,1
selfgoverning,1
selfinterest,1
selfish,1
selfsufficiency,1
sell,1
semibarbarian,1
semifeudal,1
senses,1
sentence,1
sentiment,1
sentimental,1
sentimentalism,1
serfdom,1
sergeants,1
series,1
serving,1
setting,1
seventeenth,1
shade,1
shall,1
shameless,1
share,1
sheer,1
shopkeepers,1
shopmen,1
short,1
show,1
sickly,1
sided,1
sides,1
signified,1
similar,1
simplified,1
simplify,1
singing,1
sinister,1
sinks,1
sismondi,1
situation,1
sixteenth,1
sketched,1
skin,1
slavery,1
slavish,1
slothful,1
slumbered,1
smash,1
sober,1
socalled,1
socialdemocrats,1
soil,1
soldiers,1
solemnly,1
solid,1
soon,1
sooner,1
sorcerer,1
sorry,1
special,1
specialized,1
specially,1
speculative,1
speech,1
speed,1
spells,1
spirits,1
splitting,1
spontaneous,1
sprang,1
spread,1
spring,1
sprouted,1
sprung,1
squirearchy,1
squires,1
standing,1
states,1
steam,1
steamnavigation,1
steeped,1
stepped,1
stir,1
stockintrade,1
stone,1
stoop,1
stop,1
straightaway,1
straightway,1
stratum,1
striking,1
stronger,1
stubborn,1
subject,1
subjected,1
subjecting,1
subjugate,1
subordinate,1
substance,1
substitution,1
suddenly,1
suffice,1
suffices,1
superincumbent,1
superintendence,1
superior,1
superiors,1
superseded,1
superstitious,1
supplementary,1
supplies,1
surface,1
surpassing,1
surplus,1
surroundings,1
survived,1
suspicion,1
sweeps,1
sweet,1
switzerland,1
sympathy,1
takes,1
taking,1
tale,1
talk,1
task,1
tautology,1
tax,1
taxable,1
taxation,1
telegraphs,1
temperance,1
tend,1
tendencies,1
tendency,1
tenhours,1
terms,1
th,1
thanks,1
themsuch,1
thenceforth,1
theory,1
therefrom,1
third,1
thorough,1
threatened,1
threatening,1
threateningly,1
threatens,1
throes,1
thrown,1
tinge,1
today,1
toil,1
tool,1
tottering,1
trace,1
traced,1
traders,1
trades,1
tradesmen,1
tradespeople,1
traditionally,1
traffic,1
train,1
training,1
transcendental,1
transfer,1
transform,1
translation,1
transport,1
tree,1
tremble,1
trial,1
try,1
turn,1
turned,1
typical,1
ultimate,1
ultimately,1
unaltered,1
unavoidable,1
unbelief,1
unceasing,1
uncertainty,1
unconscionable,1
undefined,1
understand,1
understanding,1
understands,1
uniformity,1
unions,1
untenable,1
upbraid,1
upset,1
upstart,1
utopias,1
utterance,1
validity,1
valuable,1
variety,1
vassals,1
vast,1
vegetate,1
veil,1
venerable,1
vicissitudes,1
victorious,1
vigour,1
villainous,1
violently,1
virtually,1
virtuous,1
viz,1
vocation,1
voice,1
wagelabourer,1
walls,1
wanting,1
wares,1
wastelands,1
waved,1
ways,1
weapon,1
weaponsthe,1
welcome,1
west,1
whatever,1
wheel,1
whenever,1
whereby,1
wherever,1
wherewith,1
whether,1
whispering,1
widen,1
wield,1
wishedfor,1
witty,1
wonderfully,1
wonders,1
wool,1
worked,1
workmen,1
workpeople,1
works,1
worth,1
worthless,1
wrangle,1
wrapped,1
wrest,1
write,1
writers,1
written,1
yearnings,1
yield,1
yoke,1
young,1
zones,1
